序号,中文术语,老挝语译名,类别,来源,是否需重点确认
1,辣椒,ໝາກເຜັດ,crop,DB,否
2,番茄,ໝາກເລັ່ນ,crop,DB,否
3,黄瓜,ໝາກແຕງ,crop,DB,否
4,白菜,ຜັກກາດຂາວ,crop,DB,否
5,大白菜,ຜັກກາດຂາວ,crop,DB,否
6,茄子,ໝາກເຂືອ,crop,DB,否
7,南瓜,ໝາກອຶ,crop,STD,是
8,西兰花,ຜັກບຣັອກໂຄລີ,crop,DB,否
9,萝卜,ຫົວຜັກກາດ,crop,STD,是
10,芥菜,ຜັກກາດເຂົ້າ,crop,NEW,是
11,卷心菜,ຜັກກາດຫົວ,crop,STD,是
12,腐霉菌属,ເຊື້ອຣາ Pythium,pathogen,NEW,是
13,猝倒病,ພະຍາດໂຄນເນົ່າ,disease,NEW,是
14,立枯病,ພະຍາດໂຄນແຫ້ງ,disease,NEW,是
15,霜霉病,ພະຍາດຂີ້ຝຸ່ນ,disease,DB,否
16,白粉病,ພະຍາດຂີ້ຝຸ່ນຂາວ,disease,DB,否
17,软腐病,ພະຍາດເນົ່າ,disease,DB,否
18,青枯病,ພະຍາດຫ່ຽວ,disease,DB,否
19,细菌性,ເຊື້ອແບັກທີເຣຍ,pathogen,STD,否
20,病毒病,ພະຍາດຫຼອດໄສ້,disease,DB,否
21,根结线虫病,ພະຍາດໄສ້ກົ້ນຮາກ,disease,NEW,是
22,根结线虫,ໄສ້ກົ້ນຮາກ,pathogen,NEW,是
23,黄萎病,ພະຍາດລຳຕົ້ນເນົ່າ,disease,DB,否
24,菜粉蝶,ຜີເສື້ອຂາວຜັກ,pest,NEW,是
25,小菜蛾,ແມງກະຕູ້ຜັກ,pest,NEW,是
26,黄曲条跳甲,ແມງໝັດຕົ້ນຜັກ,pest,NEW,是
27,温室白粉虱,ແມງຫວີຂາວ,pest,DB,否
28,白粉虱,ແມງຫວີຂາວ,pest,DB,否
29,侧多食跗线螨,ໄຮເມດ,pest,NEW,是
30,螨,ໄຮເມດ,pest,NEW,是
31,蚜虫,ເພີ້ຍ,pest,DB,否
32,为害状,ອາການທຳລາຍ,symptom,NEW,是
33,幼虫,ຕົວອ່ອນ,stage,STD,否
34,成虫,ຕົວເຕັມໄວ,stage,STD,否
35,虫卵,ໄຂ່,stage,STD,否
36,蛹,ດັກແດ້,stage,STD,否
37,症状,ອາການ,symptom,STD,否
38,叶片,ໃບ,symptom,STD,否
39,叶子,ໃບ,symptom,STD,否
40,幼苗,ຕົ້ນກ້າ,symptom,STD,否
41,植株,ຕົ້ນ,symptom,STD,否
42,根部,ຮາກ,symptom,STD,否
43,茎秆,ລຳຕົ້ນ,symptom,STD,否
44,维管束系统,ລະບົບທໍ່ລຳລຽງ,symptom,NEW,是
45,菌脓,ນ້ຳລົງຈາກເຊື້ອ,symptom,NEW,是
46,变暗,ປ່ຽນເປັນສີເຂັ້ມ,symptom,STD,否
47,严重,ຮຸນແຮງ,symptom,STD,否
48,大面积,ພື້ນທີ່ກວ້າງ,symptom,STD,否
49,感染,ຕິດເຊື້ອ,symptom,STD,否
50,健康,ສຸຂະພາບດີ,symptom,STD,否
51,渗出,ຮົ່ວອອກ,symptom,NEW,是
52,雌成虫,ຕົວເຕັມໄວໂຕແມ່,stage,NEW,是
53,蔬菜,ພືດຜັກ,category,STD,否
54,瓜类,ໝາກແຕງ,category,DB,否
55,茄科,ພືດຕະກຸນໝາກເລັ່ນ,category,NEW,是
