序号,分类编号,分类_中文,分类_老挝语,源文件名_中文,文件名_老挝语,asset_id,任务,类型,来源引用
1,T1-01,蔬菜猝倒、立枯病,ພະຍາດໂຄນເນົ່າ ແລະ ໂຄນແຫ້ງຂອງພືດຜັກ,1辣椒-腐霉菌属引起的猝倒病.jpg,01_ພະຍາດໂຄນເນົ່າໝາກເຜັດ ເກີດຈາກເຊື້ອຣາ Pythium.jpg,6PS-V-D0101,1,disease,
2,T1-01,蔬菜猝倒、立枯病,ພະຍາດໂຄນເນົ່າ ແລະ ໂຄນແຫ້ງຂອງພືດຜັກ,2西兰花幼苗立枯病.jpg,02_ພະຍາດໂຄນແຫ້ງຂອງຕົ້ນກ້າຜັກບຣັອກໂຄລີ.jpg,6PS-V-D0102,1,disease,
3,T1-02,蔬菜霜霉病,ພະຍາດຂີ້ຝຸ່ນຂອງພືດຜັກ,1大白菜叶子霜霉病症状.jpg,01_ອາການພະຍາດຂີ້ຝຸ່ນໃບຜັກກາດຂາວ.jpg,6PS-V-D0201,1,disease,
4,T1-02,蔬菜霜霉病,ພະຍາດຂີ້ຝຸ່ນຂອງພືດຜັກ,2卷心菜叶子霜霉病症状.jpg,02_ອາການພະຍາດຂີ້ຝຸ່ນໃບຜັກກາດຫົວ.jpg,6PS-V-D0202,1,disease,
5,T1-02,蔬菜霜霉病,ພະຍາດຂີ້ຝຸ່ນຂອງພືດຜັກ,3卷心菜叶子霜霉病症状.jpg,03_ອາການພະຍາດຂີ້ຝຸ່ນໃບຜັກກາດຫົວ.jpg,6PS-V-D0203,1,disease,
6,T1-03,瓜类白粉病,ພະຍາດຂີ້ຝຸ່ນຂາວຂອງພືດຕະກຸນໝາກແຕງ,1南瓜白粉病症状.jpg,01_ອາການພະຍາດຂີ້ຝຸ່ນຂາວໝາກອຶ.jpg,6PS-V-D0301,1,disease,
7,T1-03,瓜类白粉病,ພະຍາດຂີ້ຝຸ່ນຂາວຂອງພືດຕະກຸນໝາກແຕງ,2南瓜白粉病症状.jpg,02_ອາການພະຍາດຂີ້ຝຸ່ນຂາວໝາກອຶ.jpg,6PS-V-D0302,1,disease,
8,T1-04,白菜软腐病,ພະຍາດເນົ່າຂອງຜັກກາດຂາວ,1白菜软腐病症状.JPG,01_ອາການພະຍາດເນົ່າຜັກກາດຂາວ.JPG,6PS-V-D0401,1,disease,
9,T1-04,白菜软腐病,ພະຍາດເນົ່າຂອງຜັກກາດຂາວ,2白菜软腐病症状.JPG,02_ອາການພະຍາດເນົ່າຜັກກາດຂາວ.JPG,6PS-V-D0402,1,disease,
10,T1-04,白菜软腐病,ພະຍາດເນົ່າຂອງຜັກກາດຂາວ,3芥菜软腐病症状.JPG,03_ອາການພະຍາດເນົ່າຜັກກາດເຂົ້າ.JPG,6PS-V-D0403,1,disease,
11,T1-05,茄科蔬菜青枯病,ພະຍາດຫ່ຽວຂອງພືດຕະກຸນໝາກເລັ່ນ,1番茄细菌性青枯病的严重症状.jpg,01_ອາການຮຸນແຮງຂອງພະຍາດຫ່ຽວເຊື້ອແບັກທີເຣຍໃນໝາກເລັ່ນ.jpg,6PS-V-D0501,1,disease,
12,T1-05,茄科蔬菜青枯病,ພະຍາດຫ່ຽວຂອງພືດຕະກຸນໝາກເລັ່ນ,2番茄细菌性青枯病症状.jpg,02_ອາການພະຍາດຫ່ຽວເຊື້ອແບັກທີເຣຍໃນໝາກເລັ່ນ.jpg,6PS-V-D0502,1,disease,
13,T1-05,茄科蔬菜青枯病,ພະຍາດຫ່ຽວຂອງພືດຕະກຸນໝາກເລັ່ນ,3大面积严重感染青枯病的番茄植株.jpg,03_ຕົ້ນໝາກເລັ່ນຕິດເຊື້ອພະຍາດຫ່ຽວຢ່າງຮຸນແຮງໃນພື້ນທີ່ກວ້າງ.jpg,6PS-V-D0503,1,disease,
14,T1-05,茄科蔬菜青枯病,ພະຍາດຫ່ຽວຂອງພືດຕະກຸນໝາກເລັ່ນ,4青枯病感染后番茄维管束系统变暗.jpg,04_ລະບົບທໍ່ລຳລຽງຂອງໝາກເລັ່ນປ່ຽນເປັນສີເຂັ້ມຫຼັງຕິດເຊື້ອພະຍາດຫ່ຽວ.jpg,6PS-V-D0504,1,disease,
15,T1-05,茄科蔬菜青枯病,ພະຍາດຫ່ຽວຂອງພືດຕະກຸນໝາກເລັ່ນ,5青枯病感染后的番茄茎秆渗出的菌脓.jpg,05_ນ້ຳລົງຈາກເຊື້ອທີ່ຮົ່ວອອກຈາກລຳຕົ້ນໝາກເລັ່ນຫຼັງຕິດເຊື້ອພະຍາດຫ່ຽວ.jpg,6PS-V-D0505,1,disease,
16,T1-06,蔬菜病毒病,ພະຍາດຫຼອດໄສ້ຂອງພືດຜັກ,1番茄病毒病症状.jpg,01_ອາການພະຍາດຫຼອດໄສ້ໝາກເລັ່ນ.jpg,6PS-V-D0601,1,disease,
17,T1-06,蔬菜病毒病,ພະຍາດຫຼອດໄສ້ຂອງພືດຜັກ,2番茄病毒病症状.jpg,02_ອາການພະຍາດຫຼອດໄສ້ໝາກເລັ່ນ.jpg,6PS-V-D0602,1,disease,
18,T1-06,蔬菜病毒病,ພະຍາດຫຼອດໄສ້ຂອງພືດຜັກ,3萝卜病毒病症状.jpg,03_ອາການພະຍາດຫຼອດໄສ້ຫົວຜັກກາດ.jpg,6PS-V-D0603,1,disease,
19,T1-06,蔬菜病毒病,ພະຍາດຫຼອດໄສ້ຂອງພືດຜັກ,4萝卜病毒病症状.jpg,04_ອາການພະຍາດຫຼອດໄສ້ຫົວຜັກກາດ.jpg,6PS-V-D0604,1,disease,
20,T1-06,蔬菜病毒病,ພະຍາດຫຼອດໄສ້ຂອງພືດຜັກ,5南瓜病毒病症状.JPG,05_ອາການພະຍາດຫຼອດໄສ້ໝາກອຶ.JPG,6PS-V-D0605,1,disease,
21,T1-06,蔬菜病毒病,ພະຍາດຫຼອດໄສ້ຂອງພືດຜັກ,6南瓜病毒病症状.JPG,06_ອາການພະຍາດຫຼອດໄສ້ໝາກອຶ.JPG,6PS-V-D0606,1,disease,
22,T1-07,蔬菜根结线虫病,ພະຍາດໄສ້ກົ້ນຮາກຂອງພືດຜັກ,1番茄根结线虫病症状.jpg,01_ອາການພະຍາດໄສ້ກົ້ນຮາກໝາກເລັ່ນ.jpg,6PS-V-D0701,1,disease,
23,T1-07,蔬菜根结线虫病,ພະຍາດໄສ້ກົ້ນຮາກຂອງພືດຜັກ,2健康的番茄植株（左）与被根结线虫侵染的植株（右）.jpg,02_ຕົ້ນໝາກເລັ່ນສຸຂະພາບດີ (ຊ້າຍ) ແລະ ຕົ້ນທີ່ຕິດເຊື້ອໄສ້ກົ້ນຮາກ (ຂວາ).jpg,6PS-V-D0702,1,disease,
24,T1-07,蔬菜根结线虫病,ພະຍາດໄສ້ກົ້ນຮາກຂອງພືດຜັກ,3番茄根部的根结.jpg,03_ປຸມຢູ່ຮາກໝາກເລັ່ນ.jpg,6PS-V-D0703,1,disease,
25,T1-07,蔬菜根结线虫病,ພະຍາດໄສ້ກົ້ນຮາກຂອງພືດຜັກ,4根结线虫雌成虫.jpg,04_ຕົວເຕັມໄວໂຕແມ່ຂອງໄສ້ກົ້ນຮາກ.jpg,6PS-V-D0704,1,disease,
26,T2-01,菜粉蝶,ພະຍາດຜີເສື້ອຂາວຜັກ (ຂອງພືດຜັກ),1菜粉蝶为害状.JPG,01_ອາການທຳລາຍຂອງຜີເສື້ອຂາວຜັກ.JPG,6PS-V-P0101,2,pest,
27,T2-01,菜粉蝶,ພະຍາດຜີເສື້ອຂາວຜັກ (ຂອງພືດຜັກ),2菜粉蝶为害状.JPG,02_ອາການທຳລາຍຂອງຜີເສື້ອຂາວຜັກ.JPG,6PS-V-P0102,2,pest,
28,T2-01,菜粉蝶,ພະຍາດຜີເສື້ອຂາວຜັກ (ຂອງພືດຜັກ),3菜粉蝶卵.JPG,03_ໄຂ່ຜີເສື້ອຂາວຜັກ.JPG,6PS-V-P0103,2,pest,
29,T2-01,菜粉蝶,ພະຍາດຜີເສື້ອຂາວຜັກ (ຂອງພືດຜັກ),4菜粉蝶幼虫.JPG,04_ຕົວອ່ອນຜີເສື້ອຂາວຜັກ.JPG,6PS-V-P0104,2,pest,
30,T2-01,菜粉蝶,ພະຍາດຜີເສື້ອຂາວຜັກ (ຂອງພືດຜັກ),5菜粉蝶蛹.JPG,05_ດັກແດ້ຜີເສື້ອຂາວຜັກ.JPG,6PS-V-P0105,2,pest,
31,T2-01,菜粉蝶,ພະຍາດຜີເສື້ອຂາວຜັກ (ຂອງພືດຜັກ),6菜粉蝶成虫.JPG,06_ຕົວເຕັມໄວຜີເສື້ອຂາວຜັກ.JPG,6PS-V-P0106,2,pest,
32,T2-02,小菜蛾,ພະຍາດແມງກະຕູ້ຜັກ (ຂອງພືດຜັກ),1小菜蛾为害状.jpg,01_ອາການທຳລາຍຂອງແມງກະຕູ້ຜັກ.jpg,6PS-V-P0201,2,pest,
33,T2-02,小菜蛾,ພະຍາດແມງກະຕູ້ຜັກ (ຂອງພືດຜັກ),2小菜蛾幼虫.jpg,02_ຕົວອ່ອນແມງກະຕູ້ຜັກ.jpg,6PS-V-P0202,2,pest,
34,T2-02,小菜蛾,ພະຍາດແມງກະຕູ້ຜັກ (ຂອງພືດຜັກ),3小菜蛾蛹.jpg,03_ດັກແດ້ແມງກະຕູ້ຜັກ.jpg,6PS-V-P0203,2,pest,
35,T2-02,小菜蛾,ພະຍາດແມງກະຕູ້ຜັກ (ຂອງພືດຜັກ),4小菜蛾成虫.jpg,04_ຕົວເຕັມໄວແມງກະຕູ້ຜັກ.jpg,6PS-V-P0204,2,pest,
36,T2-03,黄曲条跳甲,ພະຍາດແມງໝັດຕົ້ນຜັກ (ຂອງພືດຜັກ),1黄曲条跳甲成虫为害状.JPG,01_ອາການທຳລາຍຂອງຕົວເຕັມໄວແມງໝັດຕົ້ນຜັກ.JPG,6PS-V-P0301,2,pest,
37,T2-03,黄曲条跳甲,ພະຍາດແມງໝັດຕົ້ນຜັກ (ຂອງພືດຜັກ),2黄曲条跳甲成虫为害状.JPG,02_ອາການທຳລາຍຂອງຕົວເຕັມໄວແມງໝັດຕົ້ນຜັກ.JPG,6PS-V-P0302,2,pest,
38,T2-03,黄曲条跳甲,ພະຍາດແມງໝັດຕົ້ນຜັກ (ຂອງພືດຜັກ),3黄曲条跳甲成虫为害状.jpg,03_ອາການທຳລາຍຂອງຕົວເຕັມໄວແມງໝັດຕົ້ນຜັກ.jpg,6PS-V-P0303,2,pest,
39,T2-03,黄曲条跳甲,ພະຍາດແມງໝັດຕົ້ນຜັກ (ຂອງພືດຜັກ),4黄曲条跳甲成虫为害状.JPG,04_ອາການທຳລາຍຂອງຕົວເຕັມໄວແມງໝັດຕົ້ນຜັກ.JPG,6PS-V-P0304,2,pest,
40,T2-03,黄曲条跳甲,ພະຍາດແມງໝັດຕົ້ນຜັກ (ຂອງພືດຜັກ),5黄曲条跳甲成虫为害状.jpg,05_ອາການທຳລາຍຂອງຕົວເຕັມໄວແມງໝັດຕົ້ນຜັກ.jpg,6PS-V-P0305,2,pest,
41,T2-03,黄曲条跳甲,ພະຍາດແມງໝັດຕົ້ນຜັກ (ຂອງພືດຜັກ),6黄曲条跳甲幼虫为害状（引自王助引、于永浩，2016）.jpg,"06_ອາການທຳລາຍຂອງຕົວອ່ອນແມງໝັດຕົ້ນຜັກ (ອ້າງອີງ ຫວາງຈູອິນ, ອີຢົງຮ້າວ 2016).jpg",6PS-V-P0306,2,pest,王助引、于永浩，2016
42,T2-03,黄曲条跳甲,ພະຍາດແມງໝັດຕົ້ນຜັກ (ຂອງພືດຜັກ),7黄曲条跳甲成虫（引自王助引、于永浩，2016）.jpg,"07_ຕົວເຕັມໄວແມງໝັດຕົ້ນຜັກ (ອ້າງອີງ ຫວາງຈູອິນ, ອີຢົງຮ້າວ 2016).jpg",6PS-V-P0307,2,pest,王助引、于永浩，2016
43,T2-03,黄曲条跳甲,ພະຍາດແມງໝັດຕົ້ນຜັກ (ຂອງພືດຜັກ),8黄曲条跳甲幼虫（引自王助引、于永浩，2016）.jpg,"08_ຕົວອ່ອນແມງໝັດຕົ້ນຜັກ (ອ້າງອີງ ຫວາງຈູອິນ, ອີຢົງຮ້າວ 2016).jpg",6PS-V-P0308,2,pest,王助引、于永浩，2016
44,T2-04,温室白粉虱,ພະຍາດແມງຫວີຂາວ (ຂອງພືດຜັກ),1温室白粉虱为害黄瓜.jpg,01_ແມງຫວີຂາວທຳລາຍໝາກແຕງ.jpg,6PS-V-P0401,2,pest,
45,T2-04,温室白粉虱,ພະຍາດແມງຫວີຂາວ (ຂອງພືດຜັກ),2温室白粉虱为害状（引自王助引、于永浩，2016）.jpg,"02_ອາການທຳລາຍຂອງແມງຫວີຂາວ (ອ້າງອີງ ຫວາງຈູອິນ, ອີຢົງຮ້າວ 2016).jpg",6PS-V-P0402,2,pest,王助引、于永浩，2016
46,T2-04,温室白粉虱,ພະຍາດແມງຫວີຂາວ (ຂອງພືດຜັກ),3温室白粉虱成虫和卵（引自王助引、于永浩，2016）.jpg,"03_ຕົວເຕັມໄວ ແລະ ໄຂ່ຂອງແມງຫວີຂາວ (ອ້າງອີງ ຫວາງຈູອິນ, ອີຢົງຮ້າວ 2016).jpg",6PS-V-P0403,2,pest,王助引、于永浩，2016
47,T2-05,侧多食跗线螨,ພະຍາດໄຮເມດ (ຂອງພືດຜັກ),1螨为害状.jpg,01_ອາການທຳລາຍຂອງໄຮເມດ.jpg,6PS-V-P0501,2,pest,
48,T2-05,侧多食跗线螨,ພະຍາດໄຮເມດ (ຂອງພືດຜັກ),2螨为害状.jpg,02_ອາການທຳລາຍຂອງໄຮເມດ.jpg,6PS-V-P0502,2,pest,
49,T2-05,侧多食跗线螨,ພະຍາດໄຮເມດ (ຂອງພືດຜັກ),3螨成虫.jpg,03_ຕົວເຕັມໄວຂອງໄຮເມດ.jpg,6PS-V-P0503,2,pest,
