序号,老挝语文件名,中文原名,备注,老师意见(确认/改译),老师修改后的老挝语,老师补充说明
1,01_ພະຍາດໂຄນເນົ່າໝາກເຜັດ ເກີດຈາກເຊື້ອຣາ Pythium.jpg,1辣椒-腐霉菌属引起的猝倒病.jpg,,,,
2,02_ພະຍາດໂຄນແຫ້ງຂອງຕົ້ນກ້າຜັກບຣັອກໂຄລີ.jpg,2西兰花幼苗立枯病.jpg,,,,
3,01_ອາການພະຍາດຂີ້ຝຸ່ນໃບຜັກກາດຂາວ.jpg,1大白菜叶子霜霉病症状.jpg,,,,
4,02_ອາການພະຍາດຂີ້ຝຸ່ນໃບຜັກກາດຫົວ.jpg,2卷心菜叶子霜霉病症状.jpg,,,,
5,03_ອາການພະຍາດຂີ້ຝຸ່ນໃບຜັກກາດຫົວ.jpg,3卷心菜叶子霜霉病症状.jpg,,,,
6,01_ອາການພະຍາດຂີ້ຝຸ່ນຂາວໝາກອຶ.jpg,1南瓜白粉病症状.jpg,,,,
7,02_ອາການພະຍາດຂີ້ຝຸ່ນຂາວໝາກອຶ.jpg,2南瓜白粉病症状.jpg,,,,
8,01_ອາການພະຍາດເນົ່າຜັກກາດຂາວ.JPG,1白菜软腐病症状.JPG,,,,
9,02_ອາການພະຍາດເນົ່າຜັກກາດຂາວ.JPG,2白菜软腐病症状.JPG,,,,
10,03_ອາການພະຍາດເນົ່າຜັກກາດເຂົ້າ.JPG,3芥菜软腐病症状.JPG,,,,
11,01_ອາການຮຸນແຮງຂອງພະຍາດຫ່ຽວເຊື້ອແບັກທີເຣຍໃນໝາກເລັ່ນ.jpg,1番茄细菌性青枯病的严重症状.jpg,,,,
12,02_ອາການພະຍາດຫ່ຽວເຊື້ອແບັກທີເຣຍໃນໝາກເລັ່ນ.jpg,2番茄细菌性青枯病症状.jpg,,,,
13,03_ຕົ້ນໝາກເລັ່ນຕິດເຊື້ອພະຍາດຫ່ຽວຢ່າງຮຸນແຮງໃນພື້ນທີ່ກວ້າງ.jpg,3大面积严重感染青枯病的番茄植株.jpg,,,,
14,04_ລະບົບທໍ່ລຳລຽງຂອງໝາກເລັ່ນປ່ຽນເປັນສີເຂັ້ມຫຼັງຕິດເຊື້ອພະຍາດຫ່ຽວ.jpg,4青枯病感染后番茄维管束系统变暗.jpg,,,,
15,05_ນ້ຳລົງຈາກເຊື້ອທີ່ຮົ່ວອອກຈາກລຳຕົ້ນໝາກເລັ່ນຫຼັງຕິດເຊື້ອພະຍາດຫ່ຽວ.jpg,5青枯病感染后的番茄茎秆渗出的菌脓.jpg,,,,
16,01_ອາການພະຍາດຫຼອດໄສ້ໝາກເລັ່ນ.jpg,1番茄病毒病症状.jpg,,,,
17,02_ອາການພະຍາດຫຼອດໄສ້ໝາກເລັ່ນ.jpg,2番茄病毒病症状.jpg,,,,
18,03_ອາການພະຍາດຫຼອດໄສ້ຫົວຜັກກາດ.jpg,3萝卜病毒病症状.jpg,,,,
19,04_ອາການພະຍາດຫຼອດໄສ້ຫົວຜັກກາດ.jpg,4萝卜病毒病症状.jpg,,,,
20,05_ອາການພະຍາດຫຼອດໄສ້ໝາກອຶ.JPG,5南瓜病毒病症状.JPG,,,,
21,06_ອາການພະຍາດຫຼອດໄສ້ໝາກອຶ.JPG,6南瓜病毒病症状.JPG,,,,
22,01_ອາການພະຍາດໄສ້ກົ້ນຮາກໝາກເລັ່ນ.jpg,1番茄根结线虫病症状.jpg,,,,
23,02_ຕົ້ນໝາກເລັ່ນສຸຂະພາບດີ (ຊ້າຍ) ແລະ ຕົ້ນທີ່ຕິດເຊື້ອໄສ້ກົ້ນຮາກ (ຂວາ).jpg,2健康的番茄植株（左）与被根结线虫侵染的植株（右）.jpg,,,,
24,03_ປຸມຢູ່ຮາກໝາກເລັ່ນ.jpg,3番茄根部的根结.jpg,,,,
25,04_ຕົວເຕັມໄວໂຕແມ່ຂອງໄສ້ກົ້ນຮາກ.jpg,4根结线虫雌成虫.jpg,,,,
26,01_ອາການທຳລາຍຂອງຜີເສື້ອຂາວຜັກ.JPG,1菜粉蝶为害状.JPG,,,,
27,02_ອາການທຳລາຍຂອງຜີເສື້ອຂາວຜັກ.JPG,2菜粉蝶为害状.JPG,,,,
28,03_ໄຂ່ຜີເສື້ອຂາວຜັກ.JPG,3菜粉蝶卵.JPG,,,,
29,04_ຕົວອ່ອນຜີເສື້ອຂາວຜັກ.JPG,4菜粉蝶幼虫.JPG,,,,
30,05_ດັກແດ້ຜີເສື້ອຂາວຜັກ.JPG,5菜粉蝶蛹.JPG,,,,
31,06_ຕົວເຕັມໄວຜີເສື້ອຂາວຜັກ.JPG,6菜粉蝶成虫.JPG,,,,
32,01_ອາການທຳລາຍຂອງແມງກະຕູ້ຜັກ.jpg,1小菜蛾为害状.jpg,,,,
33,02_ຕົວອ່ອນແມງກະຕູ້ຜັກ.jpg,2小菜蛾幼虫.jpg,,,,
34,03_ດັກແດ້ແມງກະຕູ້ຜັກ.jpg,3小菜蛾蛹.jpg,,,,
35,04_ຕົວເຕັມໄວແມງກະຕູ້ຜັກ.jpg,4小菜蛾成虫.jpg,,,,
36,01_ອາການທຳລາຍຂອງຕົວເຕັມໄວແມງໝັດຕົ້ນຜັກ.JPG,1黄曲条跳甲成虫为害状.JPG,,,,
37,02_ອາການທຳລາຍຂອງຕົວເຕັມໄວແມງໝັດຕົ້ນຜັກ.JPG,2黄曲条跳甲成虫为害状.JPG,,,,
38,03_ອາການທຳລາຍຂອງຕົວເຕັມໄວແມງໝັດຕົ້ນຜັກ.jpg,3黄曲条跳甲成虫为害状.jpg,,,,
39,04_ອາການທຳລາຍຂອງຕົວເຕັມໄວແມງໝັດຕົ້ນຜັກ.JPG,4黄曲条跳甲成虫为害状.JPG,,,,
40,05_ອາການທຳລາຍຂອງຕົວເຕັມໄວແມງໝັດຕົ້ນຜັກ.jpg,5黄曲条跳甲成虫为害状.jpg,,,,
41,"06_ອາການທຳລາຍຂອງຕົວອ່ອນແມງໝັດຕົ້ນຜັກ (ອ້າງອີງ ຫວາງຈູອິນ, ອີຢົງຮ້າວ 2016).jpg",6黄曲条跳甲幼虫为害状（引自王助引、于永浩，2016）.jpg,,,,
42,"07_ຕົວເຕັມໄວແມງໝັດຕົ້ນຜັກ (ອ້າງອີງ ຫວາງຈູອິນ, ອີຢົງຮ້າວ 2016).jpg",7黄曲条跳甲成虫（引自王助引、于永浩，2016）.jpg,,,,
43,"08_ຕົວອ່ອນແມງໝັດຕົ້ນຜັກ (ອ້າງອີງ ຫວາງຈູອິນ, ອີຢົງຮ້າວ 2016).jpg",8黄曲条跳甲幼虫（引自王助引、于永浩，2016）.jpg,,,,
44,01_ແມງຫວີຂາວທຳລາຍໝາກແຕງ.jpg,1温室白粉虱为害黄瓜.jpg,,,,
45,"02_ອາການທຳລາຍຂອງແມງຫວີຂາວ (ອ້າງອີງ ຫວາງຈູອິນ, ອີຢົງຮ້າວ 2016).jpg",2温室白粉虱为害状（引自王助引、于永浩，2016）.jpg,,,,
46,"03_ຕົວເຕັມໄວ ແລະ ໄຂ່ຂອງແມງຫວີຂາວ (ອ້າງອີງ ຫວາງຈູອິນ, ອີຢົງຮ້າວ 2016).jpg",3温室白粉虱成虫和卵（引自王助引、于永浩，2016）.jpg,,,,
47,01_ອາການທຳລາຍຂອງໄຮເມດ.jpg,1螨为害状.jpg,,,,
48,02_ອາການທຳລາຍຂອງໄຮເມດ.jpg,2螨为害状.jpg,,,,
49,03_ຕົວເຕັມໄວຂອງໄຮເມດ.jpg,3螨成虫.jpg,,,,
