asset_id,建议用途,语料类别,类型,建议作物,建议病虫害,图片文件,图片说明,来源引用,尺寸(宽x高),文件字节,专家确认(是/否),专家作物,专家病虫害,老挝语名(建议稿-待校核),备注
6PS-V-D0101,评测集(勿训练),蔬菜猝倒、立枯病,病害,辣椒,辣椒猝倒病,1辣椒-腐霉菌属引起的猝倒病.jpg,辣椒-腐霉菌属引起的猝倒病,,632x800,74301,,,,ພະຍາດໂຄນເນົ່າໝາກເຜັດ,
6PS-V-D0102,训练候选,蔬菜猝倒、立枯病,病害,西兰花,西兰花立枯病,2西兰花幼苗立枯病.jpg,西兰花幼苗立枯病,,1000x617,49200,,,,ພະຍາດໂຄນເນົ່າຜັກບຣັອກໂຄລີ,
6PS-V-D0201,评测集(勿训练),蔬菜霜霉病,病害,白菜,白菜霜霉病,1大白菜叶子霜霉病症状.jpg,大白菜叶子霜霉病症状,,1000x623,93815,,,,ພະຍາດໃບຈຸດສີເຫຼືອງຜັກກາດຂາວ,
6PS-V-D0202,训练候选,蔬菜霜霉病,病害,甘蓝,甘蓝霜霉病,2卷心菜叶子霜霉病症状.jpg,卷心菜叶子霜霉病症状,,1000x619,75499,,,,ພະຍາດໃບຈຸດສີເຫຼືອງຜັກກາດຫົວ,
6PS-V-D0203,训练候选,蔬菜霜霉病,病害,甘蓝,甘蓝霜霉病,3卷心菜叶子霜霉病症状.jpg,卷心菜叶子霜霉病症状,,1000x629,79138,,,,ພະຍາດໃບຈຸດສີເຫຼືອງຜັກກາດຫົວ,
6PS-V-D0301,评测集(勿训练),瓜类白粉病,病害,南瓜,南瓜白粉病,1南瓜白粉病症状.jpg,南瓜白粉病症状,,640x640,105906,,,,ພະຍາດຂີ້ຝຸ່ນຂາວໝາກອຶ,
6PS-V-D0302,训练候选,瓜类白粉病,病害,南瓜,南瓜白粉病,2南瓜白粉病症状.jpg,南瓜白粉病症状,,480x640,248214,,,,ພະຍາດຂີ້ຝຸ່ນຂາວໝາກອຶ,
6PS-V-D0401,评测集(勿训练),白菜软腐病,病害,白菜,白菜软腐病,1白菜软腐病症状.JPG,白菜软腐病症状,,4032x3024,2535019,,,,,
6PS-V-D0402,训练候选,白菜软腐病,病害,白菜,白菜软腐病,2白菜软腐病症状.JPG,白菜软腐病症状,,4032x3024,2932265,,,,,
6PS-V-D0403,训练候选,白菜软腐病,病害,芥菜,芥菜软腐病,3芥菜软腐病症状.JPG,芥菜软腐病症状,,4032x3024,2537577,,,,ພະຍາດເນົ່າອ່ອນຜັກກາດເຂົ້າຈີ່,
6PS-V-D0501,评测集(勿训练),茄科蔬菜青枯病,病害,番茄,番茄青枯病,1番茄细菌性青枯病的严重症状.jpg,番茄细菌性青枯病的严重症状,,730x584,113067,,,,,
6PS-V-D0502,训练候选,茄科蔬菜青枯病,病害,番茄,番茄青枯病,2番茄细菌性青枯病症状.jpg,番茄细菌性青枯病症状,,715x495,133766,,,,,
6PS-V-D0503,训练候选,茄科蔬菜青枯病,病害,番茄,番茄青枯病,3大面积严重感染青枯病的番茄植株.jpg,大面积严重感染青枯病的番茄植株,,722x457,83121,,,,,
6PS-V-D0504,训练候选,茄科蔬菜青枯病,病害,番茄,番茄青枯病,4青枯病感染后番茄维管束系统变暗.jpg,青枯病感染后番茄维管束系统变暗,,482x717,77976,,,,,
6PS-V-D0505,训练候选,茄科蔬菜青枯病,病害,番茄,番茄青枯病,5青枯病感染后的番茄茎秆渗出的菌脓.jpg,青枯病感染后的番茄茎秆渗出的菌脓,,439x616,29485,,,,,
6PS-V-D0601,评测集(勿训练),蔬菜病毒病,病害,番茄,番茄病毒病,1番茄病毒病症状.jpg,番茄病毒病症状,,768x547,97602,,,,ພະຍາດໄວຣັສໝາກເລັ່ນ,
6PS-V-D0602,评测集(勿训练),蔬菜病毒病,病害,番茄,番茄病毒病,2番茄病毒病症状.jpg,番茄病毒病症状,,768x545,86726,,,,ພະຍາດໄວຣັສໝາກເລັ່ນ,
6PS-V-D0603,训练候选,蔬菜病毒病,病害,萝卜,萝卜病毒病,3萝卜病毒病症状.jpg,萝卜病毒病症状,,640x640,450502,,,,ພະຍາດໄວຣັສຫົວຜັກກາດ,
6PS-V-D0604,训练候选,蔬菜病毒病,病害,萝卜,萝卜病毒病,4萝卜病毒病症状.jpg,萝卜病毒病症状,,640x425,197847,,,,ພະຍາດໄວຣັສຫົວຜັກກາດ,
6PS-V-D0605,训练候选,蔬菜病毒病,病害,南瓜,南瓜病毒病,5南瓜病毒病症状.JPG,南瓜病毒病症状,,4032x3024,2583307,,,,ພະຍາດໄວຣັສໝາກອຶ,
6PS-V-D0606,训练候选,蔬菜病毒病,病害,南瓜,南瓜病毒病,6南瓜病毒病症状.JPG,南瓜病毒病症状,,4032x3024,2967097,,,,ພະຍາດໄວຣັສໝາກອຶ,
6PS-V-D0701,评测集(勿训练),蔬菜根结线虫病,病害,番茄,番茄根结线虫病,1番茄根结线虫病症状.jpg,番茄根结线虫病症状,,1000x635,136340,,,,ພະຍາດໜອນຮາກໝາກເລັ່ນ,
6PS-V-D0702,训练候选,蔬菜根结线虫病,病害,番茄,番茄根结线虫病,2健康的番茄植株（左）与被根结线虫侵染的植株（右）.jpg,健康的番茄植株（左）与被根结线虫侵染的植株（右）,,552x800,66890,,,,ພະຍາດໜອນຮາກໝາກເລັ່ນ,
6PS-V-D0703,训练候选,蔬菜根结线虫病,病害,番茄,番茄根结线虫病,3番茄根部的根结.jpg,番茄根部的根结,,1000x636,70867,,,,ພະຍາດໜອນຮາກໝາກເລັ່ນ,
6PS-V-D0704,训练候选,蔬菜根结线虫病,病害,番茄,番茄根结线虫病,4根结线虫雌成虫.jpg,根结线虫雌成虫,,768x545,53648,,,,ພະຍາດໜອນຮາກໝາກເລັ່ນ,
6PS-V-P0101,评测集(勿训练),菜粉蝶,害虫,白菜,菜粉蝶(白菜),1菜粉蝶为害状.JPG,菜粉蝶为害状,,4032x3024,3095905,,,,ໜອນຜີເສື້ອຂາວ ຜັກກາດຂາວ,寄主作物为推断，待确认
6PS-V-P0102,评测集(勿训练),菜粉蝶,害虫,白菜,菜粉蝶(白菜),2菜粉蝶为害状.JPG,菜粉蝶为害状,,4032x3024,2010783,,,,ໜອນຜີເສື້ອຂາວ ຜັກກາດຂາວ,寄主作物为推断，待确认
6PS-V-P0103,训练候选,菜粉蝶,害虫,白菜,菜粉蝶(白菜),3菜粉蝶卵.JPG,菜粉蝶卵,,4032x3024,1587699,,,,ໜອນຜີເສື້ອຂາວ ຜັກກາດຂາວ,寄主作物为推断，待确认
6PS-V-P0104,训练候选,菜粉蝶,害虫,白菜,菜粉蝶(白菜),4菜粉蝶幼虫.JPG,菜粉蝶幼虫,,4032x3024,1712719,,,,ໜອນຜີເສື້ອຂາວ ຜັກກາດຂາວ,寄主作物为推断，待确认
6PS-V-P0105,训练候选,菜粉蝶,害虫,白菜,菜粉蝶(白菜),5菜粉蝶蛹.JPG,菜粉蝶蛹,,4032x3024,1803948,,,,ໜອນຜີເສື້ອຂາວ ຜັກກາດຂາວ,寄主作物为推断，待确认
6PS-V-P0106,训练候选,菜粉蝶,害虫,白菜,菜粉蝶(白菜),6菜粉蝶成虫.JPG,菜粉蝶成虫,,4032x3024,1753987,,,,ໜອນຜີເສື້ອຂາວ ຜັກກາດຂາວ,寄主作物为推断，待确认
6PS-V-P0201,评测集(勿训练),小菜蛾,害虫,白菜,小菜蛾(白菜),1小菜蛾为害状.jpg,小菜蛾为害状,,1000x707,92889,,,,ໜອນໃຍເພັດ ຜັກກາດຂາວ,寄主作物为推断，待确认
6PS-V-P0202,训练候选,小菜蛾,害虫,白菜,小菜蛾(白菜),2小菜蛾幼虫.jpg,小菜蛾幼虫,,1000x620,44759,,,,ໜອນໃຍເພັດ ຜັກກາດຂາວ,寄主作物为推断，待确认
6PS-V-P0203,训练候选,小菜蛾,害虫,白菜,小菜蛾(白菜),3小菜蛾蛹.jpg,小菜蛾蛹,,563x800,68282,,,,ໜອນໃຍເພັດ ຜັກກາດຂາວ,寄主作物为推断，待确认
6PS-V-P0204,训练候选,小菜蛾,害虫,白菜,小菜蛾(白菜),4小菜蛾成虫.jpg,小菜蛾成虫,,800x533,51930,,,,ໜອນໃຍເພັດ ຜັກກາດຂາວ,寄主作物为推断，待确认
6PS-V-P0301,评测集(勿训练),黄曲条跳甲,害虫,萝卜,黄曲条跳甲(萝卜),1黄曲条跳甲成虫为害状.JPG,黄曲条跳甲成虫为害状,,4032x3024,2174695,,,,ແມງໝັກລາຍເຫຼືອງ ຫົວຜັກກາດ,寄主作物为推断，待确认
6PS-V-P0302,评测集(勿训练),黄曲条跳甲,害虫,萝卜,黄曲条跳甲(萝卜),2黄曲条跳甲成虫为害状.JPG,黄曲条跳甲成虫为害状,,4032x3024,2000225,,,,ແມງໝັກລາຍເຫຼືອງ ຫົວຜັກກາດ,寄主作物为推断，待确认
6PS-V-P0303,训练候选,黄曲条跳甲,害虫,萝卜,黄曲条跳甲(萝卜),3黄曲条跳甲成虫为害状.jpg,黄曲条跳甲成虫为害状,,1000x627,95144,,,,ແມງໝັກລາຍເຫຼືອງ ຫົວຜັກກາດ,寄主作物为推断，待确认
6PS-V-P0304,训练候选,黄曲条跳甲,害虫,萝卜,黄曲条跳甲(萝卜),4黄曲条跳甲成虫为害状.JPG,黄曲条跳甲成虫为害状,,4032x3024,3870581,,,,ແມງໝັກລາຍເຫຼືອງ ຫົວຜັກກາດ,寄主作物为推断，待确认
6PS-V-P0305,训练候选,黄曲条跳甲,害虫,萝卜,黄曲条跳甲(萝卜),5黄曲条跳甲成虫为害状.jpg,黄曲条跳甲成虫为害状,,1000x632,115256,,,,ແມງໝັກລາຍເຫຼືອງ ຫົວຜັກກາດ,寄主作物为推断，待确认
6PS-V-P0306,训练候选,黄曲条跳甲,害虫,萝卜,黄曲条跳甲(萝卜),6黄曲条跳甲幼虫为害状（引自王助引、于永浩，2016）.jpg,黄曲条跳甲幼虫为害状,王助引、于永浩，2016,1716x2361,646241,,,,ແມງໝັກລາຍເຫຼືອງ ຫົວຜັກກາດ,寄主作物为推断，待确认
6PS-V-P0307,训练候选,黄曲条跳甲,害虫,萝卜,黄曲条跳甲(萝卜),7黄曲条跳甲成虫（引自王助引、于永浩，2016）.jpg,黄曲条跳甲成虫,王助引、于永浩，2016,2845x2443,584029,,,,ແມງໝັກລາຍເຫຼືອງ ຫົວຜັກກາດ,寄主作物为推断，待确认
6PS-V-P0308,训练候选,黄曲条跳甲,害虫,萝卜,黄曲条跳甲(萝卜),8黄曲条跳甲幼虫（引自王助引、于永浩，2016）.jpg,黄曲条跳甲幼虫,王助引、于永浩，2016,1917x1698,328114,,,,ແມງໝັກລາຍເຫຼືອງ ຫົວຜັກກາດ,寄主作物为推断，待确认
6PS-V-P0401,训练候选,温室白粉虱,害虫,黄瓜,温室白粉虱(黄瓜),1温室白粉虱为害黄瓜.jpg,温室白粉虱为害黄瓜,,400x299,104654,,,,ແມງໄມ້ຂາວ ໝາກແຕງ,寄主作物为推断，待确认
6PS-V-P0402,评测集(勿训练),温室白粉虱,害虫,黄瓜,温室白粉虱(黄瓜),2温室白粉虱为害状（引自王助引、于永浩，2016）.jpg,温室白粉虱为害状,王助引、于永浩，2016,2090x2927,1053513,,,,ແມງໄມ້ຂາວ ໝາກແຕງ,寄主作物为推断，待确认
6PS-V-P0403,训练候选,温室白粉虱,害虫,黄瓜,温室白粉虱(黄瓜),3温室白粉虱成虫和卵（引自王助引、于永浩，2016）.jpg,温室白粉虱成虫和卵,王助引、于永浩，2016,2314x2286,542798,,,,ແມງໄມ້ຂາວ ໝາກແຕງ,寄主作物为推断，待确认
6PS-V-P0501,评测集(勿训练),侧多食跗线螨,害虫,辣椒,侧多食跗线螨(辣椒),1螨为害状.jpg,螨为害状,,2788x2286,755008,,,,ໄຮ້ແມງມຸມ ໝາກເຜັດ,寄主作物为推断，待确认
6PS-V-P0502,训练候选,侧多食跗线螨,害虫,辣椒,侧多食跗线螨(辣椒),2螨为害状.jpg,螨为害状,,2951x2306,794356,,,,ໄຮ້ແມງມຸມ ໝາກເຜັດ,寄主作物为推断，待确认
6PS-V-P0503,训练候选,侧多食跗线螨,害虫,辣椒,侧多食跗线螨(辣椒),3螨成虫.jpg,螨成虫,,759x541,67431,,,,ໄຮ້ແມງມຸມ ໝາກເຜັດ,寄主作物为推断，待确认
